Day,Room,Period1,Period2,Break ,Period3,Period4,Lunch,Period5,Period6,AfterschoolH1,AfterschoolH2
1Monday,Tech1,locked lock1,lesson designcentre@dulwich-beijing.cn lock1,unbooked,unbooked,unbooked,unbooked,unbooked,unbooked,unbooked,unbooked
2Tuesday,Tech1,unbooked,unbooked,unbooked,unbooked,unbooked,unbooked,unbooked,unbooked,unbooked,unbooked
3Wednesday,Tech1,unbooked,unbooked,unbooked,unbooked,unbooked,locked lock1,unbooked,unbooked,unbooked,unbooked
4Thursday,Tech1,unbooked,unbooked,unbooked,unbooked,unbooked,unbooked,unbooked,unbooked,unbooked,unbooked
5Friday,Tech1,unbooked,unbooked,unbooked,unbooked,unbooked,unbooked,unbooked,unbooked,unbooked,unbooked